{"loss": [0.8512805700302124, 0.16903170943260193, 0.11687352508306503, 0.09553266316652298, 0.08086369186639786, 0.07220597565174103, 0.06456895172595978, 0.05811482295393944, 0.05388984456658363, 0.04893207177519798, 0.04419044777750969, 0.04023105278611183, 0.03827524930238724, 0.03744835406541824, 0.03463583067059517, 0.03237297385931015, 0.030336100608110428, 0.028064504265785217, 0.028787748888134956, 0.02497459575533867], "accuracy": [0.7610737681388855, 0.9567630887031555, 0.9693108201026917, 0.9746884703636169, 0.9783167243003845, 0.9801956415176392, 0.9826360940933228, 0.9837159514427185, 0.9841694831848145, 0.9855732917785645, 0.9873226284980774, 0.9880785346031189, 0.9883161187171936, 0.988575279712677, 0.9891799688339233, 0.9896335005760193, 0.9904757738113403, 0.9912964701652527, 0.9907565116882324, 0.992009162902832], "val_loss": [0.16646666824817657, 0.10670802742242813, 0.08520454168319702, 0.06698121130466461, 0.06337296962738037, 0.051454201340675354, 0.049074165523052216, 0.05027573183178902, 0.045130591839551926, 0.04602178558707237, 0.038663219660520554, 0.03889335319399834, 0.037080299109220505, 0.03996505215764046, 0.035141170024871826, 0.03393697366118431, 0.03545001894235611, 0.03420420363545418, 0.03463788703083992, 0.03375377878546715], "val_accuracy": [0.9636540412902832, 0.9766764044761658, 0.9793974757194519, 0.9834790825843811, 0.9846453070640564, 0.9877551198005676, 0.98717200756073, 0.9883381724357605, 0.9908649325370789, 0.9877551198005676, 0.9908649325370789, 0.9898930788040161, 0.9910593032836914, 0.9896987080574036, 0.9920310974121094, 0.9908649325370789, 0.9910593032836914, 0.9906705617904663, 0.9910593032836914, 0.992614209651947]}